{
	"users": [{
			"username": ["ccpatel2@wisc.edu"],
			"name": ["Callan Patel"],
			"type": ["student"],
			"isAdmin": ["false"],
			"isPublic": ["true"],
			"yearOfGrad": ["2022"],
			"major": ["computer science", "math"],
			"certificate": [""],
			"clubs": ["TKE"],
			"scholership": [""],
			"courses": ["CS400", "ASTRON104", "CS252", "PSYCH202", "PHYSICS102"],
			"workExperience": ["Salad Chef"]
		},
		{
			"username": ["admin"],
			"name": ["admin"],
			"type": ["faculty"],
			"isAdmin": ["true"],
			"isPublic": ["true"],
			"coursesTaught": ["CS400", "CS300", "CS200"],
			"officeHours": ["12:00 PM", "12:00 AM"],
			"officeLocation": ["1551 Computer Science"]
		},
		{
			"username": ["naqib@wisc.edu"],
			"name": ["AJ"],
			"type": ["faculty"],
			"isAdmin": ["false"],
			"isPublic": ["true"],
			"coursesTaught": ["CS400", "CS300", "CS200"],
			"officeHours": ["12:00 PM", "12:00 AM"],
			"officeLocation": ["1551 Computer Science"]
		},
		{
			"username": ["ben@wisc.edu"],
			"name": ["ben"],
			"type": ["student"],
			"isAdmin": ["true"],
			"isPublic": ["true"],
			"yearOfGrad": ["2021"],
			"major": ["math"],
			"certificate": ["computer science"],
			"clubs": ["coding4good"],
			"scholership": [""],
			"courses": ["CS400", "POLISCI", "PHYSICS202"],
			"workExperience": [""]
		},
		{
			"username": ["eheying@wisc.edu"],
			"name": ["Erica H"],
			"type": ["student"],
			"isAdmin": ["false"],
			"isPublic": ["true"],
			"yearOfGrad": ["2019"],
			"major": ["statistics"],
			"certificate": ["computer science"],
			"clubs": [""],
			"scholership": [""],
			"courses": ["CS400", "CS300", "CS200", "STAT441", "STAT442", "MTH345"],
			"workExperience": ["Mayo Clinic"]
		},
		{
			"username": ["abc@wisc.edu"],
			"name": ["Abby C"],
			"type": ["student"],
			"isAdmin": ["false"],
			"isPublic": ["true"],
			"yearOfGrad": ["2020"],
			"major": ["math"],
			"certificate": ["computer science"],
			"clubs": [""],
			"scholership": [""],
			"courses": ["STAT441", "STAT442", "MTH345", "ART100", "PSY200"],
			"workExperience": ["Mayo Clinic"]
		},
		{
			"username": ["def@wisc.edu"],
			"name": ["Dan Fact"],
			"type": ["student"],
			"isAdmin": ["false"],
			"isPublic": ["true"],
			"yearOfGrad": ["2021"],
			"major": ["art"],
			"certificate": [""],
			"clubs": ["art club"],
			"scholership": ["computer science"],
			"courses": ["CS200", "CS300", "MTH345", "ART100", "ART350"],
			"workExperience": [""]
		},
		{
			"username": ["ghi@wisc.edu"],
			"name": ["Gene Ihm"],
			"type": ["faculty"],
			"isAdmin": ["false"],
			"isPublic": ["true"],
			"coursesTaught": ["CS400", "CS200"],
			"officeHours": ["2-3pm m-th", "10-11am f"],
			"officeLocation": ["3340 cs"]
		},
		{
			"username": ["jkl@wisc.edu"],
			"name": ["Jackson Long"],
			"type": ["faculty"],
			"isAdmin": ["false"],
			"isPublic": ["true"],
			"coursesTaught": ["ART100", "ART200"],
			"officeHours": ["3-3:30pm mwf", "10-11am tr"],
			"officeLocation": ["3654 art"]
		},
		{
			"username": ["mno@wisc.edu"],
			"name": ["Mary Ops"],
			"type": ["faculty"],
			"isAdmin": ["false"],
			"isPublic": ["true"],
			"coursesTaught": ["PSY200", "PSY451"],
			"officeHours": ["3-3:30pm mwf", "10-11am tr"],
			"officeLocation": ["1523 psy"]
		},
		{
			"username": ["qrs@wisc.edu"],
			"name": ["Queenie Salt"],
			"type": ["faculty"],
			"isAdmin": ["false"],
			"isPublic": ["true"],
			"coursesTaught": ["CS400", "CS200"],
			"officeHours": ["2-3pm m-th", "10-11am tr"],
			"officeLocation": ["4151 cs"]
		},
		{
			"username": ["tuv@wisc.edu"],
			"name": ["Tim Vim"],
			"type": ["student"],
			"isAdmin": ["false"],
			"isPublic": ["true"],
			"yearOfGrad": ["2019"],
			"major": ["statistics"],
			"certificate": ["computer science"],
			"clubs": ["cs"],
			"scholership": [""],
			"courses": ["CS200", "CS300", "CS400", "CS540"],
			"workExperience": [""]
		},
		{
			"username": ["wxy@wisc.edu"],
			"name": ["Winnie Yelp"],
			"type": ["student"],
			"isAdmin": ["false"],
			"isPublic": ["true"],
			"yearOfGrad": ["2019"],
			"major": ["statistics"],
			"certificate": ["computer science"],
			"clubs": ["cs"],
			"scholership": [""],
			"courses": ["CS200", "CS300", "CS400", "CS540"],
			"workExperience": [""]
		},
		{
			"username": ["zzz@wisc.edu"],
			"name": ["Zach Zane"],
			"type": ["student"],
			"isAdmin": ["false"],
			"isPublic": ["true"],
			"yearOfGrad": ["2022"],
			"major": ["computer science"],
			"certificate": ["math"],
			"clubs": [""],
			"scholership": [""],
			"courses": ["CS200", "CS400", "CS540", "MTH154"],
			"workExperience": [""]
		},
		{
			"username": ["sam@wisc.edu"],
			"name": ["Sammie Sam"],
			"type": ["student"],
			"isAdmin": ["false"],
			"isPublic": ["true"],
			"yearOfGrad": ["2021"],
			"major": ["psychology"],
			"certificate": ["math"],
			"clubs": ["psyched for psych"],
			"scholership": ["perfect student"],
			"courses": ["PSY200", "PSY400", "PSY412", "MTH154", "MTH200"],
			"workExperience": [""]
		},
		{
			"username": ["aja@wisc.edu"],
			"name": ["Alisha Aruba"],
			"type": ["student"],
			"isAdmin": ["false"],
			"isPublic": ["true"],
			"yearOfGrad": ["2020"],
			"major": ["computer science"],
			"certificate": [""],
			"clubs": [""],
			"scholership": ["perfect student"],
			"courses": ["CS300", "CS400", "CS540", "CS506", "CS604"],
			"workExperience": [""]
		},
		{
			"username": ["wis@wisc.edu"],
			"name": ["Bucky Badger"],
			"type": ["student"],
			"isAdmin": ["false"],
			"isPublic": ["true"],
			"yearOfGrad": ["2019"],
			"major": ["math"],
			"certificate": [""],
			"clubs": [""],
			"scholership": ["perfect student"],
			"courses": ["CS300", "MT451", "MTH640", "MTH441", "MTH360"],
			"workExperience": [""]
		},
		{
			"username": ["wow@wisc.edu"],
			"name": ["Wendy Worker"],
			"type": ["student"],
			"isAdmin": ["false"],
			"isPublic": ["true"],
			"yearOfGrad": ["2020"],
			"major": ["math"],
			"certificate": ["computer science"],
			"clubs": ["coding4good"],
			"scholership": ["perfect student"],
			"courses": ["CS300", "CS540", "MTH640", "MTH441", "CS52"],
			"workExperience": [""]
		}
	]
}
