{"users":[{"courses":["CS400","ASTRON104","CS252","PSYCH202","PHYSICS102"],"major":["computer science","math"],"scholership":[""],"name":["Callan Patel"],"certificate":[""],"clubs":["TKE"],"workExperience":["Salad Chef"],"isPublic":["true"],"isAdmin":["false"],"type":["student"],"yearOfGrad":["2022"],"username":["ccpatel2@wisc.edu"]},{"coursesTaught":["CS400","CS300","CS200"],"officeLocation":["1551 Computer Science"],"name":["AJ"],"isPublic":["true"],"officeHours":["12:00 PM","12:00 AM"],"isAdmin":["false"],"type":["faculty"],"username":["aj@wisc.edu"]},{"courses":["CS400","POLISCI","PHYSICS202"],"major":["math"],"scholership":[""],"name":["ben"],"certificate":["computer science"],"clubs":["coding4good"],"workExperience":[""],"isPublic":["true"],"isAdmin":["true"],"type":["student"],"yearOfGrad":["2021"],"username":["ben@wisc.edu"]},{"courses":[""],"major":[""],"scholership":[""],"name":[""],"certificate":[""],"clubs":[""],"workExperience":[""],"isPublic":["true"],"isAdmin":["false"],"type":["student"],"yearOfGrad":["0"],"username":["abc"]}]}